<?xml version="1.0" encoding="utf-8"?>
<struct> 
<name>860 - outdoor</name> <!--unique name-->
<overSamplingRate>1000</overSamplingRate>
<measurmentStageType>lim</measurmentStageType>
<verbose>false</verbose> 
<runTime>1000</runTime> 			<!--nsec-->
<t0>0</t0>


<laserDriver> 
	<riseTime>0.3</riseTime> <!--nsec-->	
	<parasiticCapacitance>95</parasiticCapacitance> <!--pF-->
	<parasiticResistance>1.5</parasiticResistance> <!--ohm-->
</laserDriver> 



<laser> 
	<peakCurrent>250	</peakCurrent> <!--mA-->
	<biasCurrent>60	</biasCurrent> <!--mA-->
	<thresholdCurrent>50	</thresholdCurrent> <!--mA-->
	<slopeEfficiency>1</slopeEfficiency> <!--A/W-->
	<frequency>1</frequency> 	<!--GHz-->	
	<riseTime>0.3</riseTime> <!--nsec-->	
	<jitterRMS>0.0</jitterRMS>    <!--nsec-->	
	<jitterMaxC2C>0</jitterMaxC2C>  <!--nsec-->	
	<txQuietTailTime>0</txQuietTailTime><!--nsec-->
	<txQuietHeadTime>5</txQuietHeadTime> <!--nsec-->
	<txSequence>[1 0 1 0 1 0 1 0 1 0 0 1 0 1 1 0 1 0 0 1 1 0 0 1 1 0]</txSequence>
</laser>


<!--BACKGROUND-->
<environment>
	<wavelengthReflectivityFactor>0.2</wavelengthReflectivityFactor>
	<ambientNoise>5e-6</ambientNoise><!--nW/(nm*sqrt(Hz))-->
</environment>


<optics>
	<opticalFilterBandWidth>60</opticalFilterBandWidth> <!--nm-->
	<lensArea>0.196</lensArea>		<!--mm^2-->
	<RXopticsGain>4.0</RXopticsGain>
	<TXopticsGain>1.0</TXopticsGain> 
</optics>


<!--APD-->
<APD>
	<riseTime>0.4</riseTime> <!--nsec-->
	<darkCurrentAC>50e-3</darkCurrentAC> <!--nA-->
	<darkCurrentDC>50  </darkCurrentDC> <!--nA-->
	<excessNoiseFactor>2</excessNoiseFactor>
	<responsivity>0.84</responsivity><!--A/W-->
	<mFactor>60</mFactor> 
	<overloadPower>0.1</overloadPower><!--mW-->
</APD>


<TIA>
	<inputBiasCurrent>10e-6</inputBiasCurrent> <!--mA-->
	<preAmpIRN>3.5e-9</preAmpIRN><!--mA/sqrt(Hz)-->
	<preAmpGain>5e3</preAmpGain> <!-- mV/mA -->
	<preAmpRiseTime>0.4118</preAmpRiseTime> <!--nA-->
	<postAmpGain>12</postAmpGain> 
	
	<overloadVoltage>600</overloadVoltage><!--mV-->
</TIA>


<HPF>
	<riseTime>17.5</riseTime> <!--nsec-->
</HPF>


<Comparator>
	<sensitivity>0.5</sensitivity><!--[mv]-->
	<irn>2.45e-6</irn> <!--mV/sqrt(Hz)-->
	<riseTime>0.35</riseTime>
	<filterOrder>1</filterOrder>
</Comparator>


<sampler>
	<jitterRMS>0</jitterRMS>  <!--nsec-->
	<jitterMaxC2C>0</jitterMaxC2C>  <!--nsec-->
	<frequency>16</frequency>    <!--[GHz]-->
</sampler>

<IRchanLPF>
	<riseTime>3.5</riseTime> <!--nsec-->
	<nPoles>3</nPoles>
</IRchanLPF>


</struct>