<?xml version="1.0" encoding="utf-8"?>
<struct> 
<name>POC1550</name> <!--unique name-->
<overSamplingRate>1000</overSamplingRate>
<measurmentStageType>lim</measurmentStageType>
<verbose>false</verbose> 
<runTime>1000</runTime> 			<!--nsec-->
<t0>0</t0>


<laserDriver> 
	<riseTime>0.25</riseTime> <!--nsec-->	
	<parasiticCapacitance>0</parasiticCapacitance> <!--pF-->
	<parasiticResistance>0</parasiticResistance> <!--ohm-->
</laserDriver> 



<laser> 
	<peakCurrent>3800	</peakCurrent> <!--mA-->
	<biasCurrent>450	</biasCurrent> <!--mA-->
	<thresholdCurrent>50	</thresholdCurrent> <!--mA-->
	<slopeEfficiency>0.5</slopeEfficiency> <!--A/W-->
	<frequency>1</frequency> 	<!--GHz-->	
	<riseTime>0.25</riseTime> <!--nsec-->	
	<jitterRMS>0.0</jitterRMS>    <!--nsec-->	
	<jitterMaxC2C>0</jitterMaxC2C>  <!--nsec-->	
	<txQuietTailTime>0</txQuietTailTime><!--nsec-->
	<txQuietHeadTime>5</txQuietHeadTime> <!--nsec-->
	<txSequence>[1 0 1 0 1 0 1 0 1 0 0 1 0 1 1 0 1 0 0 1 1 0 0 1 1 0]</txSequence>
</laser>


<!--BACKGROUND-->
<environment>
	<wavelengthReflectivityFactor>0.2</wavelengthReflectivityFactor>
	<ambientNoise>0</ambientNoise><!--mW/nm-->
</environment>


<optics>
	<opticalFilterBandWidth>60</opticalFilterBandWidth> <!--nm-->
	<lensArea>0.196</lensArea>		<!--mm^2-->
	<RXopticsGain>4.7</RXopticsGain>
	<TXopticsGain>1.00</TXopticsGain> 
</optics>


<!--APD-->
<APD>
	<riseTime>0.35</riseTime> <!--nsec-->
	<darkCurrentAC>50e-3</darkCurrentAC> <!--nA-->
	<darkCurrentDC>50  </darkCurrentDC> <!--nA-->
	<excessNoiseFactor>2.71</excessNoiseFactor>
	<responsivity>0.9</responsivity><!--A/W-->
	<mFactor>10</mFactor> 
	<overloadPower>0.1</overloadPower><!--mW-->
</APD>


<TIA>
	<inputBiasCurrent>10e-6</inputBiasCurrent> <!--mA-->
	<preAmpIRN>9e-9</preAmpIRN><!--mA/sqrt(Hz)-->
	<preAmpGain>4.5e3</preAmpGain> <!-- mV/mA -->
	<preAmpRiseTime>0.3</preAmpRiseTime> <!--nA-->
	<postAmpGain>0.5</postAmpGain> 
	
	<overloadVoltage>400</overloadVoltage><!--mV-->
</TIA>


<HPF>
	<riseTime>17.5</riseTime> <!--nsec-->
</HPF>


<Comparator>
	<sensitivity>2</sensitivity><!--[mv]-->
	<irn>2.45e-6</irn> <!--mV/sqrt(Hz)-->
	<riseTime>0.35</riseTime>
	<filterOrder>1</filterOrder>
</Comparator>


<sampler>
	<jitterRMS>5e-3</jitterRMS>  <!--nsec-->
	<jitterMaxC2C>0</jitterMaxC2C>  <!--nsec-->
	<frequency>5</frequency>    <!--[GHz]-->
</sampler>

<IRchanLPF>
	<riseTime>3.5</riseTime> <!--nsec-->
	<nPoles>3</nPoles>
</IRchanLPF>


</struct>